err_H,err_H_dir,err_A,obs_ok,tgt_acc,precision,recall,f1,shd,amari,rows_changed,obs_rows_changed,regime,d,n,seed,method,window
0.011373728283116011,7.853832456550247e-06,0.011598461333200666,1,1.0,1.0,1.0,1.0,0,0.006912758748111536,1.0,0.0,pbmc,4,20000,42,OT-ICA,near-Poisson
0.1485311397430616,0.001171802262386168,0.1678999256906662,1,1.0,1.0,1.0,1.0,0,0.0557185160234952,1.0,0.0,pbmc,4,20000,42,FastICA,near-Poisson
0.028154747030035343,3.40301117977837e-05,0.02276466928442399,1,1.0,1.0,1.0,1.0,0,0.009354618943426036,1.0,0.0,pbmc,4,20000,43,OT-ICA,near-Poisson
0.28049104856673607,0.004890585915128642,0.16909505053113424,1,1.0,1.0,1.0,1.0,0,0.0616449183665829,1.0,0.0,pbmc,4,20000,43,FastICA,near-Poisson
0.02566461604141143,3.684657819327808e-05,0.03652784473428869,1,1.0,1.0,1.0,1.0,0,0.00857246597715261,1.0,0.0,pbmc,4,20000,44,OT-ICA,near-Poisson
0.16887205922749726,0.0011982624406403908,0.1556080804913824,1,1.0,1.0,1.0,1.0,0,0.04864278422876524,0.75,0.0,pbmc,4,20000,44,FastICA,near-Poisson
0.022013126000950803,1.9057366095559525e-05,0.026218360254436406,1,1.0,1.0,1.0,1.0,0,0.008594092263812404,1.0,0.0,pbmc,4,20000,45,OT-ICA,near-Poisson
0.17568105812183948,0.0013394032108634546,0.17775521406431505,1,1.0,1.0,1.0,1.0,0,0.044946105298536765,1.0,0.0,pbmc,4,20000,45,FastICA,near-Poisson
0.008221150375334605,3.691740819516953e-06,0.020885604473384462,1,1.0,1.0,1.0,1.0,0,0.009149925306075802,1.0,0.0,pbmc,4,20000,46,OT-ICA,near-Poisson
0.07593101526918845,0.00038397870165854386,0.10779495182200204,1,1.0,1.0,1.0,1.0,0,0.0498373768927588,1.0,0.0,pbmc,4,20000,46,FastICA,near-Poisson
0.028747592633033905,3.9301586053086535e-05,0.024682333998092297,1,1.0,1.0,1.0,1.0,0,0.008218051159670193,1.0,0.0,pbmc,4,20000,47,OT-ICA,near-Poisson
0.32341795826359715,0.005256159492076362,0.261648559536081,1,1.0,0.8,1.0,0.888888888888889,1,0.05500465517993085,1.0,0.0,pbmc,4,20000,47,FastICA,near-Poisson
0.020675457418162357,1.3260117363661506e-05,0.01965676503589478,1,1.0,1.0,1.0,1.0,0,0.009128691476352351,1.0,0.0,pbmc,4,20000,48,OT-ICA,near-Poisson
0.22103276300922695,0.00127042601544064,0.20986273321446788,1,1.0,1.0,1.0,1.0,0,0.057708297277087275,1.0,0.0,pbmc,4,20000,48,FastICA,near-Poisson
0.02060482450292475,2.1032321579350644e-05,0.023201934276468824,1,1.0,1.0,1.0,1.0,0,0.008193745899359246,1.0,0.0,pbmc,4,20000,49,OT-ICA,near-Poisson
2.8580202684309435,0.05601091078900966,2.7268494384790944,0,0.5,0.6666666666666666,0.8,0.7272727272727272,3,0.15901511670804314,1.5,1.0,pbmc,4,20000,49,FastICA,near-Poisson
0.027714363619347798,3.798812077893121e-05,0.026632489735539926,1,1.0,1.0,1.0,1.0,0,0.010267043885653294,1.0,0.0,pbmc,4,20000,50,OT-ICA,near-Poisson
0.1692318906954653,0.0014712222809186437,0.14980593052072905,1,1.0,1.0,1.0,1.0,0,0.04245961202805402,1.0,0.0,pbmc,4,20000,50,FastICA,near-Poisson
0.012412214030563607,6.915437457094553e-06,0.01857661008049577,1,1.0,1.0,1.0,1.0,0,0.007599083265128703,1.0,0.0,pbmc,4,20000,51,OT-ICA,near-Poisson
0.2446961350716783,0.0031973663166365296,0.23985464662031591,1,1.0,0.75,1.0,0.8571428571428571,1,0.054183864383078206,1.0,0.0,pbmc,4,20000,51,FastICA,near-Poisson
0.020302094891424486,1.7862336957857883e-05,0.014184578451811758,1,1.0,1.0,1.0,1.0,0,0.007429049354334416,1.0,0.0,pbmc,4,20000,42,OT-ICA,overdispersed
0.02123364226576476,2.6196813648071693e-05,0.019785166578508616,1,1.0,1.0,1.0,1.0,0,0.010318400428974606,1.0,0.0,pbmc,4,20000,42,FastICA,overdispersed
0.02577015586178079,3.275624879420236e-05,0.03756672355776726,1,1.0,1.0,1.0,1.0,0,0.008285402190918306,1.0,0.0,pbmc,4,20000,43,OT-ICA,overdispersed
0.048001243774742006,0.00010975411764055365,0.06144874875614977,1,1.0,1.0,1.0,1.0,0,0.01216164277157784,1.0,0.0,pbmc,4,20000,43,FastICA,overdispersed
0.05156912557895403,0.00016529838661513696,0.03789330618487932,1,1.0,1.0,1.0,1.0,0,0.008501992883449567,1.0,0.0,pbmc,4,20000,44,OT-ICA,overdispersed
0.04678321378472232,0.0001172052934527712,0.06583820979659773,1,1.0,1.0,1.0,1.0,0,0.01209565366072426,1.0,0.0,pbmc,4,20000,44,FastICA,overdispersed
0.02320263465148331,2.349498203696454e-05,0.010191157379066952,1,1.0,1.0,1.0,1.0,0,0.008384713591954867,1.0,0.0,pbmc,4,20000,45,OT-ICA,overdispersed
0.061107660947604184,0.00015424100211566816,0.03497602180937411,1,1.0,1.0,1.0,1.0,0,0.011894279217110998,1.0,0.0,pbmc,4,20000,45,FastICA,overdispersed
0.013721803207294953,9.25205993101974e-06,0.019805907978720217,1,1.0,1.0,1.0,1.0,0,0.008330119763371547,1.0,0.0,pbmc,4,20000,46,OT-ICA,overdispersed
0.015729554214353725,1.5038511043868885e-05,0.022819891607791888,1,1.0,1.0,1.0,1.0,0,0.010690372897647593,1.0,0.0,pbmc,4,20000,46,FastICA,overdispersed
0.028306875264389478,3.827094744032755e-05,0.025912145042854065,1,1.0,1.0,1.0,1.0,0,0.008722503881253419,1.0,0.0,pbmc,4,20000,47,OT-ICA,overdispersed
0.039724109651976175,7.532512331923091e-05,0.02773734975078535,1,1.0,1.0,1.0,1.0,0,0.011679757722887046,1.0,0.0,pbmc,4,20000,47,FastICA,overdispersed
0.023112550537889503,2.315672061914409e-05,0.011268305130323479,1,1.0,1.0,1.0,1.0,0,0.008043162582723955,1.0,0.0,pbmc,4,20000,48,OT-ICA,overdispersed
0.038704999615297914,6.356075293889596e-05,0.038315992207752385,1,1.0,1.0,1.0,1.0,0,0.011614095206880453,1.0,0.0,pbmc,4,20000,48,FastICA,overdispersed
0.01034747844670618,4.897094829259263e-06,0.013956660414982967,1,1.0,1.0,1.0,1.0,0,0.008806154438670565,1.0,0.0,pbmc,4,20000,49,OT-ICA,overdispersed
0.02259543391753708,2.2705297380187783e-05,0.03349519004575083,1,1.0,1.0,1.0,1.0,0,0.012035004704961988,1.0,0.0,pbmc,4,20000,49,FastICA,overdispersed
0.023280851909797774,2.3240541581204255e-05,0.02626532721217589,1,1.0,1.0,1.0,1.0,0,0.00920514565660847,1.0,0.0,pbmc,4,20000,50,OT-ICA,overdispersed
0.05547652759400852,0.00012957214146261387,0.057006257117688364,1,1.0,1.0,1.0,1.0,0,0.012132476030986893,1.0,0.0,pbmc,4,20000,50,FastICA,overdispersed
0.05676934636732231,0.0001847535208289175,0.04832704159038826,1,1.0,1.0,1.0,1.0,0,0.00896583845190561,1.0,0.0,pbmc,4,20000,51,OT-ICA,overdispersed
0.07250957959213974,0.0002775255627815165,0.04194491545775251,1,1.0,1.0,1.0,1.0,0,0.01312876412179526,1.0,0.0,pbmc,4,20000,51,FastICA,overdispersed
